<?xml version="1.0"?>
<doc>
    <assembly>
        <name>CQRS.WebApi</name>
    </assembly>
    <members>
        <member name="M:CQRSApi.Controllers.TransactionController.Create(CQRSApi.Application.Commands.CreateProductCommand)">
            <summary>
            Creates a New Transaction.
            </summary>
            <param name="command"></param>
            <returns></returns>
        </member>
        <member name="M:CQRSApi.Controllers.TransactionController.GetAll">
            <summary>
            Gets all Transactions.
            </summary>
            <returns></returns>
        </member>
        <member name="M:CQRSApi.Controllers.TransactionController.GetById(System.Int32)">
            <summary>
            Gets Product Entity by Id.
            </summary>
            <param name="id"></param>
            <returns></returns>
        </member>
        <member name="M:CQRSApi.Controllers.TransactionController.Delete(System.Int32)">
            <summary>
            Deletes Transaction Entity based on Id.
            </summary>
            <param name="id"></param>
            <returns></returns>
        </member>
        <member name="M:CQRSApi.Controllers.TransactionController.Update(System.Int32,CQRSApi.Commands.UpdateTransactionCommand)">
            <summary>
            Updates the Product Entity based on Id.   
            </summary>
            <param name="id"></param>
            <param name="command"></param>
            <returns></returns>
        </member>
    </members>
</doc>
